{
  "model": "hawkeye",
  "model_path": "models/yolo/finetuned/best.pt",
  "mAP50": 0.7521191553544495,
  "mAP50_95": 0.40080773321381713,
  "precision": 0.856808772478725,
  "recall": 0.7142857142857143,
  "f1": 0.7790826983507744,
  "latency_ms": 9.0336392634102,
  "fps": 110.69735804598643,
  "fp_per_minute": 51.360823771872866,
  "fp_total": 258,
  "clean_video_duration_s": 301.397035
}