{
  "model": "hawkeye",
  "model_path": "models/yolo/finetuned/best.pt",
  "mAP50": 0.7521191553544495,
  "mAP50_95": 0.40080773321381713,
  "precision": 0.856808772478725,
  "recall": 0.7142857142857143,
  "f1": 0.7790826983507744,
  "latency_ms": 220.87478125926282,
  "fps": 4.527452135090968,
  "fp_per_minute": 114.46695220475543,
  "fp_total": 575,
  "clean_video_duration_s": 301.397035
}