{
  "model": "hawkeye",
  "model_path": "models/yolo/finetuned/best.pt",
  "mAP50": 0.7521191553544495,
  "mAP50_95": 0.40080773321381713,
  "precision": 0.856808772478725,
  "recall": 0.7142857142857143,
  "f1": 0.7790826983507744,
  "latency_ms": 8.845326173711024,
  "fps": 113.05405593431651,
  "fp_per_minute": 7.962918414243856,
  "fp_total": 40,
  "clean_video_duration_s": 301.397035
}