{
  "model": "yolofinetune",
  "model_path": "models/yolo/finetuned/best.pt",
  "mAP50": 0.8296716420834068,
  "mAP50_95": 0.3646305988129518,
  "precision": 0.7971516551729372,
  "recall": 0.7777777777777778,
  "f1": 0.787345553318752,
  "latency_ms": 11.330406374952418,
  "fps": 88.25808774261192
}