{
  "model": "prime",
  "model_path": "models/yolo/finetuned/best.pt",
  "mAP50": 0.7521191553544495,
  "mAP50_95": 0.40080773321381713,
  "precision": 0.8568,
  "recall": 0.7143,
  "f1": 0.7791,
  "latency_ms": 249.35,
  "fps": 4.0
}